query_id,query,response
Q001,Identify the turn where the first misunderstanding between customer and agent occurs.,"**1. Executive Summary**  
The first misunderstanding in customer-agent conversations consistently occurs when the agent provides a vague, non-committal, or overly general response to a direct customer question or concern. This pattern is not about factual errors but about communication clarity—agents often fail to give a concrete, actionable answer when first asked, leading the customer to express confusion or frustration in the very next turn.

**2. Key Causal Patterns**  
* **Pattern A: Agent responds with a hedging or abstract statement instead of a clear, direct answer.**  
    * *Evidence:* In Case 1 (ID: 2f10fa34-2434-4ff4-835d-dc4f9e10cbcd), the customer asks, “so is um that the reason for the mix up too?” The agent replies, “not exactly but sometimes vague responses can lead to misunderstandings”—itself a vague response that immediately triggers the customer’s “ugh that’s just not helpful.”  
    * *Effect:* The customer’s emotional tone shifts toward confusion or annoyance right after the agent’s non-answer.

* **Pattern B: Agent acknowledges confusion exists but does not resolve the specific point of confusion.**  
    * *Evidence:* In Case 3 (ID: 4d835fa3-a22c-47f2-b499-2e340132728f), the customer says, “honestly it’s pretty frustrating i thought it’d be simple now it feels complicated.” The agent responds, “i totally understand noah that’s common feedback long explanations can lead to misunderstandings.” This meta-comment about misunderstandings does not address the customer’s actual question, causing the customer to press again for specifics.  
    * *Effect:* The conversation elongates as the customer must re-ask for clarity.

* **Pattern C: Agent introduces an unrelated topic or makes an assumption that the customer did not ask about.**  
    * *Evidence:* In Case 16 (ID: 50ec55a5-1887-4a0b-9335-1973c3700836), the customer asks, “well i thought i was um clear why did this even happen?” The agent replies, “when you made the booking was there any uh probing about uh other options?” This shifts focus away from the customer’s request for an explanation, leading the customer to express being “totally confused” in the following turn.

**3. Counterfactual Recommendation**  
* *Observation:* In nearly every case, the agent’s first response after a customer question or expression of concern is indirect, qualified, or abstract.  
* *Hypothesis:* If agents were trained to **answer the direct question first** before adding any context or caveats, the initial misunderstanding could be avoided. For example, in Case 1, a direct “No, the mix-up was due to [specific reason]” would have preempted the customer’s frustrated reaction. The causal analysis supports this: cases with higher confusion metrics (e.g., emo_confusion_max ~0.9) correspond to conversations where the agent’s early turns lacked concrete information.

**4. Citations**  
Case 1: ID 2f10fa34-2434-4ff4-835d-dc4f9e10cbcd  
Case 3: ID 4d835fa3-a22c-47f2-b499-2e340132728f  
Case 16: ID 50ec55a5-1887-4a0b-9335-1973c3700836  
Case 7: ID 2f10fa34-2434-4ff4-835d-dc4f9e10cbcd  
Case 12: ID 4d835fa3-a22c-47f2-b499-2e340132728f  
Case 19: ID 498c8bda-2c3f-4a36-82b7-fa8cf4d1efac  
Case 27: ID 7a80bafb-3bec-4a69-b91c-230ae01a50f6"
